,Device_ID,cvss,epss,dvd
0,D001,5.459826388888889,0.4073918650793651,10.086309523809524
1,D002,5.515044642857143,0.40660615079365076,10.104166666666666
2,D003,5.598000992063492,0.40238541666666666,9.92906746031746
3,D004,5.513695436507937,0.4054310515873016,9.898313492063492
4,D005,5.5382291666666665,0.40285813492063494,9.953373015873016
5,D006,5.45249503968254,0.4053611111111111,10.11111111111111
6,D007,5.612544642857142,0.4104732142857143,10.138392857142858
7,D008,5.529255952380952,0.4101423611111111,10.177083333333334
